[
  {
    "country": "Slovénie",
    "city": "Ljubljana"
  },
  {
    "country": "France",
    "city": "Paris"
  },
  {
    "country": "Jordanie",
    "city": "Amman"
  },
  {
    "country": "Allemagne",
    "city": "Berlin"
  },
  {
    "country": "Nigeria",
    "city": "Abuja"
  },
  {
    "country": "Ghana",
    "city": "Accra"
  },
  {
    "country": "Pays-Bas",
    "city": "Amsterdam"
  },
  {
    "country": "Samoa",
    "city": "Aspia"
  },
  {
    "country": "Venezuela",
    "city": "Caracas"
  },
  {
    "city": "Achgabat",
    "country": "Turkménistan"
  },
  {
    "city": "Addis-Abeba",
    "country": "Éthiopie"
  },
  {
    "city": "Alger",
    "country": "Algérie"
  },
  {
    "city": "Alofi",
    "country": "Niue"
  },
  {
    "city": "Andorre-la-Vieille",
    "country": "Andorre"
  },
  {
    "city": "Ankara",
    "country": "Turquie"
  },
  {
    "city": "Antananarivo",
    "country": "Madagascar"
  },
  {
    "city": "Asmara",
    "country": "Érythrée"
  },
  {
    "city": "Astana",
    "country": "Kazakhstan"
  },
  {
    "city": "Asuncion",
    "country": "Paraguay"
  },
  {
    "city": "Athènes",
    "country": "Grèce"
  },
  {
    "city": "Bagdad",
    "country": "Irak"
  },
  {
    "city": "Bakou",
    "country": "Azerbaïdjan"
  },
  {
    "city": "Bamako",
    "country": "Mali"
  },
  {
    "city": "Bangkok",
    "country": "Thaïlande"
  },
  {
    "city": "Banjul",
    "country": "Gambie"
  },
  {
    "city": "Belgrade",
    "country": "Serbie"
  },
  {
    "city": "Belmopan",
    "country": "Belize"
  },
  {
    "city": "Berlin",
    "country": "Allemagne"
  },
  {
    "city": "Berne",
    "country": "Suisse"
  },
  {
    "city": "Beyrouth",
    "country": "Liban"
  },
  {
    "city": "Bichkek",
    "country": "Kirghizistan"
  },
  {
    "city": "Bissau",
    "country": "Guinée-Bissau"
  },
  {
    "city": "Bogota",
    "country": "Colombie"
  },
  {
    "city": "Brasilia",
    "country": "Brésil"
  },
  {
    "city": "Bratislava",
    "country": "Slovaquie"
  },
  {
    "city": "Bridgetown",
    "country": "Barbade"
  },
  {
    "city": "Bruxelles",
    "country": "Belgique"
  },
  {
    "city": "Bucarest",
    "country": "Roumanie"
  },
  {
    "city": "Budapest",
    "country": "Hongrie"
  },
  {
    "city": "Buenos",
    "country": "Aires"
  },
  {
    "city": "Bujumbura",
    "country": "Burundi"
  },
  {
    "city": "Canberra",
    "country": "Australie"
  },
  {
    "city": "Castries",
    "country": "Sainte-Lucie"
  },
  {
    "city": "Chisinau",
    "country": "Moldavie"
  },
  {
    "city": "Conakry",
    "country": "Guinée"
  },
  {
    "city": "Copenhague",
    "country": "Danemark"
  },
  {
    "city": "Dakar",
    "country": "Sénégal"
  },
  {
    "city": "Damas",
    "country": "Syrie"
  },
  {
    "city": "Dacca",
    "country": "Bangladesh"
  },
  {
    "city": "Djibouti",
    "country": "Djibouti"
  },
  {
    "city": "Dodoma",
    "country": "Tanzanie"
  },
  {
    "city": "Doha",
    "country": "Qatar"
  },
  {
    "city": "Douchanbé",
    "country": "Tadjikistan"
  },
  {
    "city": "Dublin",
    "country": "Irlande"
  },
  {
    "city": "Erevan",
    "country": "Arménie"
  },
  {
    "city": "Gaborone",
    "country": "Botswana"
  },
  {
    "city": "Georgetown",
    "country": "Guyana"
  },
  {
    "city": "Gibraltar",
    "country": "Gibraltar"
  },
  {
    "city": "Guatemala",
    "country": "Guatemala"
  },
  {
    "city": "Hagåtña",
    "country": "Guam"
  },
  {
    "city": "Hamilton",
    "country": "Bermudes"
  },
  {
    "city": "Harare",
    "country": "Zimbabwe"
  },
  {
    "city": "Helsinki",
    "country": "Finlande"
  },
  {
    "city": "Honiara",
    "country": "Salomon"
  },
  {
    "city": "Islamabad",
    "country": "Pakistan"
  },
  {
    "city": "Jakarta",
    "country": "Indonésie"
  },
  {
    "city": "Kaboul",
    "country": "Afghanistan"
  },
  {
    "city": "Kampala",
    "country": "Ouganda"
  },
  {
    "city": "Katmandou",
    "country": "Népal"
  },
  {
    "city": "Khartoum",
    "country": "Soudan"
  },
  {
    "city": "Kiev",
    "country": "Ukraine"
  },
  {
    "city": "Kigali",
    "country": "Rwanda"
  },
  {
    "city": "Kingston",
    "country": "Jamaïque"
  },
  {
    "city": "Melekeok",
    "country": "Palaos"
  },
  {
    "city": "Koweït",
    "country": "Koweït"
  },
  {
    "city": "Libreville",
    "country": "Gabon"
  },
  {
    "city": "Lilongwe",
    "country": "Malawi"
  },
  {
    "city": "Lima",
    "country": "Pérou"
  },
  {
    "city": "Lisbonne",
    "country": "Portugal"
  },
  {
    "city": "Ljubljana",
    "country": "Slovénie"
  },
  {
    "city": "Lomé",
    "country": "Togo"
  },
  {
    "city": "Londres",
    "country": "Royaume-Uni"
  },
  {
    "city": "Luanda",
    "country": "Angola"
  },
  {
    "city": "Lusaka",
    "country": "Zambie"
  },
  {
    "city": "Luxembourg",
    "country": "Luxembourg"
  },
  {
    "city": "Madrid",
    "country": "Espagne"
  },
  {
    "city": "Malé",
    "country": "Maldives"
  },
  {
    "city": "Managua",
    "country": "Nicaragua"
  },
  {
    "city": "Manama",
    "country": "Bahreïn"
  },
  {
    "city": "Manille",
    "country": "Philippines"
  },
  {
    "city": "Maputo",
    "country": "Mozambique"
  },
  {
    "city": "Mascate",
    "country": "Oman"
  },
  {
    "city": "Maseru",
    "country": "Lesotho"
  },
  {
    "city": "Mbabane",
    "country": "Swaziland"
  },
  {
    "city": "Mexico",
    "country": "Mexique"
  },
  {
    "city": "Minsk",
    "country": "Biélorussie"
  },
  {
    "city": "Mogadiscio",
    "country": "Somalie"
  },
  {
    "city": "Monaco",
    "country": "Monaco"
  },
  {
    "city": "Monrovia",
    "country": "Libéria"
  },
  {
    "city": "Montevideo",
    "country": "Uruguay"
  },
  {
    "city": "Moroni",
    "country": "Comores"
  },
  {
    "city": "Moscou",
    "country": "Russie"
  },
  {
    "city": "Nairobi",
    "country": "Kenya"
  },
  {
    "city": "Nassau",
    "country": "Bahamas"
  },
  {
    "city": "Naypyidaw",
    "country": "Birmanie"
  },
  {
    "city": "N'Djaména",
    "country": "Tchad"
  },
  {
    "city": "Niamey",
    "country": "Niger"
  },
  {
    "city": "Nicosie",
    "country": "Chypre"
  },
  {
    "city": "Nouakchott",
    "country": "Mauritanie"
  },
  {
    "city": "Nuku'alofa",
    "country": "Tonga"
  },
  {
    "city": "Oslo",
    "country": "Norvège"
  },
  {
    "city": "Ottawa",
    "country": "Canada"
  },
  {
    "city": "Oulan-Bator",
    "country": "Mongolie"
  },
  {
    "city": "Panama",
    "country": "Panama"
  },
  {
    "city": "Paramaribo",
    "country": "Suriname"
  },
  {
    "city": "Paris",
    "country": "France"
  },
  {
    "city": "Pékin",
    "country": "Chine"
  },
  {
    "city": "Phnom",
    "country": "Penh"
  },
  {
    "city": "Podgorica",
    "country": "Monténégro"
  },
  {
    "city": "Port-au-Prince",
    "country": "Haïti"
  },
  {
    "city": "Port-d'Espagne",
    "country": "Trinité-et-Tobago"
  },
  {
    "city": "Port-Louis",
    "country": "Maurice"
  },
  {
    "city": "Porto-Novo",
    "country": "Bénin"
  },
  {
    "city": "Port-Vila",
    "country": "Vanuatu"
  },
  {
    "city": "Praia",
    "country": "Cap-Vert"
  },
  {
    "city": "Putrajaya",
    "country": "Malaisie"
  },
  {
    "city": "Quito",
    "country": "Équateur"
  },
  {
    "city": "Rabat",
    "country": "Maroc"
  },
  {
    "city": "Reykjavik",
    "country": "Islande"
  },
  {
    "city": "Riga",
    "country": "Lettonie"
  },
  {
    "city": "Rome",
    "country": "Italie"
  },
  {
    "city": "Roseau",
    "country": "Dominique"
  },
  {
    "city": "Saint-Georges",
    "country": "Grenade"
  },
  {
    "city": "Saint-Marin",
    "country": "Saint-Marin"
  },
  {
    "city": "Sanaa",
    "country": "Yémen"
  },
  {
    "city": "Santiago",
    "country": "Chili"
  },
  {
    "city": "São",
    "country": "Tomé"
  },
  {
    "city": "Sarajevo",
    "country": "Bosnie-Herzégovine"
  },
  {
    "city": "Singapour",
    "country": "Singapour"
  },
  {
    "city": "Skopje",
    "country": "Macédoine"
  },
  {
    "city": "Sofia",
    "country": "Bulgarie"
  },
  {
    "city": "Stockholm",
    "country": "Suède"
  },
  {
    "city": "Sucre",
    "country": "Bolivie"
  },
  {
    "city": "Suva",
    "country": "Fidji"
  },
  {
    "city": "Tachkent",
    "country": "Ouzbékistan"
  },
  {
    "city": "Tallinn",
    "country": "Estonie"
  },
  {
    "city": "Tarawa-Sud",
    "country": "Kiribati"
  },
  {
    "city": "Tbilissi",
    "country": "Géorgie"
  },
  {
    "city": "Tegucigalpa",
    "country": "Honduras"
  },
  {
    "city": "Téhéran",
    "country": "Iran"
  },
  {
    "city": "Thimphou",
    "country": "Bhoutan"
  },
  {
    "city": "Tirana",
    "country": "Albanie"
  },
  {
    "city": "Tokyo",
    "country": "Japon"
  },
  {
    "city": "Tripoli",
    "country": "Libye"
  },
  {
    "city": "Tunis",
    "country": "Tunisie"
  },
  {
    "city": "Vaduz",
    "country": "Liechtenstein"
  },
  {
    "city": "Varsovie",
    "country": "Pologne"
  },
  {
    "city": "Vatican",
    "country": "Vatican"
  },
  {
    "city": "Victoria",
    "country": "Seychelles"
  },
  {
    "city": "Vienne",
    "country": "Autriche"
  },
  {
    "city": "Vientiane",
    "country": "Laos"
  },
  {
    "city": "Vilnius",
    "country": "Lituanie"
  },
  {
    "city": "Washington",
    "country": "États-Unis"
  },
  {
    "city": "Wellington",
    "country": "Nouvelle-Zélande"
  },
  {
    "city": "Windhoek",
    "country": "Namibie"
  },
  {
    "city": "Yaoundé",
    "country": "Cameroun"
  },
  {
    "city": "Yaren",
    "country": "Nauru"
  },
  {
    "city": "Zagreb",
    "country": "Croatie"
  }
]
